degree,Diff_X,Diff_Y,label
26.054118709820543,-59.344940185546875,116.23231887817383,1
23.757773882888124,56.95843696594238,124.9991226196289,1
37.78232753104656,61.28079414367676,69.86231803894043,1
15.870625356017662,-39.68955039978027,137.67974853515625,1
10.653582753683896,37.9669189453125,200.62814712524414,1
10.08138198690662,34.1400146484375,191.0016918182373,1
2.9390977427091514,8.599777221679688,167.42629051208496,1
31.582356684369262,92.79809951782227,140.46624183654785,1
6.273371257470857,-18.329591751098633,166.40082836151123,1
17.003772441298054,-23.417015075683594,75.35096168518066,1
10.454257366481109,-19.02191162109375,102.50174045562744,1
16.08049974577174,28.503761291503906,97.47867107391357,1
48.53573864420052,176.06943130493164,110.4543685913086,1
30.17271851070378,60.85648536682129,-98.23983192443848,1
7.174450603916664,17.305335998535156,137.1141529083252,1
15.812977349881395,38.091325759887695,132.6573085784912,1
13.427813596406665,30.275745391845703,125.58722019195557,1
3.4451373013285154,8.708934783935547,144.57547187805176,1
17.278199019252334,29.3599796295166,92.82743453979492,1
50.66042581886005,125.10316848754883,66.09297752380371,1
17.56376511793811,52.18311309814453,162.0340347290039,1
5.5864488914644275,12.940502166748047,132.08810806274414,1
6.387915226184087,-14.63226318359375,130.42442321777344,1
40.659822099316145,132.10932731628418,131.1615514755249,1
51.8010511308392,37.77111053466797,17.852554321289062,1
15.453010470894188,24.897279739379883,88.8918399810791,1
48.078367838614184,26.487274169921875,-17.169556617736816,1
55.565839007390814,63.06535720825195,-15.858850479125977,1
3.2745406730164683,9.319896697998047,162.80694007873535,1
6.721680929814231,-14.373359680175781,121.67285442352295,1
1.835067266408672,3.9573287963867188,123.49515438079834,1
43.80815471505313,48.3901309967041,40.78999042510986,1
46.381256245755964,47.36393928527832,34.35175895690918,1
6.565816715224258,18.10882568359375,156.98338508605957,1
13.226113607689475,-31.605548858642578,133.2180118560791,1
2.129880427852602,5.398826599121094,145.13311386108398,1
34.834167917226196,-61.78427696228027,80.68511009216309,1
32.195406351379276,56.808481216430664,83.62757205963135,1
34.969664775022295,-75.37353515625,97.82582759857178,1
16.964671018624717,-42.67711639404297,137.67291069030762,1
41.742661979762175,64.76852416992188,60.89680194854736,1
57.15934921895724,43.372812271118164,2.998495101928711,1
50.23711177194579,9.622526168823242,-5.277113914489746,1
55.612279221777555,69.97843980789185,-17.348527908325195,1
1.7996116278682985,-1.344900131225586,-42.7976131439209,1
4.974365653731994,-19.416627883911133,222.80030250549316,1
4.42522266896735,-17.16172218322754,221.53847694396973,1
26.45834713826567,-74.40239906311035,142.91125774383545,1
26.265259626809378,-73.0854320526123,141.69207572937012,1
45.34451832817789,137.50051021575928,106.20509147644043,1
54.87095348822019,213.64871978759766,64.21405792236328,1
56.93630942665958,180.41357040405273,20.30510902404785,1
8.655770430918725,-23.381013870239258,152.99137115478516,1
10.12483074093091,-26.23188018798828,146.10843658447266,1
11.076997552676792,29.271059036254883,148.54814529418945,1
3.059028090332208,7.040309906005859,131.6773509979248,1
0.16053091117317622,0.1256561279296875,44.848294258117676,1
7.451384798158521,17.442626953125,132.982177734375,1
53.88105130174425,87.20541000366211,31.534981727600098,1
48.06792055105726,-91.41292572021484,59.29912090301514,1
53.422929308312945,146.72324657440186,56.8718147277832,1
51.54579190432759,-89.79574203491211,43.580617904663086,1
18.570776512099826,71.62919044494629,209.06478881835938,1
1.6572597537731366,6.435861587524414,222.41137504577637,1
2.812544611045516,5.172452926635742,105.24364471435547,1
31.601582289909896,-71.79036140441895,108.57235908508301,1
52.21312380879793,120.31879425048828,54.36555862426758,1
0.591052711414639,-1.549367904663086,150.18545150756836,1
13.440521319534493,27.73688316345215,114.94062423706055,1
2.4981183862406477,5.53339958190918,126.7910099029541,1
0.5828975466472734,-1.2444305419921875,122.31468200683594,1
4.619396012590934,-12.296409606933594,152.019624710083,1
26.05895606283116,76.10803604125977,149.02944087982178,1
3.1404316989448344,11.405792236328125,207.7807903289795,1
3.2264119612081714,-12.903451919555664,228.78052711486816,1
3.5026372154432495,-7.618093490600586,124.38291549682617,1
2.7757837354678294,6.877403259277344,141.79183959960938,1
2.0341825220989036,-3.8086891174316406,107.20976829528809,1
52.263584488112464,170.60319900512695,76.64634704589844,1
47.396244364926304,150.40403366088867,102.15973377227783,1
15.102532365581022,-45.35377502441406,165.97755432128906,1
29.840088339524236,40.931196212768555,67.09173202514648,1
4.829910970313356,16.33869171142578,193.13109397888184,1
4.566836918790684,15.403861999511719,192.64280319213867,1
9.523503223031334,20.385637283325195,120.93901634216309,1
12.166506112613972,-31.772756576538086,146.21526718139648,1
41.42722145325549,115.63153266906738,110.47611236572266,1
33.307211649192965,-69.23746109008789,96.91171646118164,1
25.96785004448584,-71.98099136352539,141.5713405609131,1
19.67039734406296,-54.8689079284668,150.10791778564453,1
24.27233029033529,-67.58933067321777,144.52337265014648,1
52.254312860455954,92.69876480102539,41.69045448303223,1
23.893766473944517,46.73576354980469,101.8593978881836,1
29.13626741012767,29.789199829101562,-50.43997764587402,1
2.9040786798107425,-2.944159507751465,58.01188945770264,1
6.087271915369997,5.624322891235352,52.638702392578125,1
2.968407640750367,7.436637878417969,143.3481502532959,1
0.06787426498361238,0.1607799530029297,135.72163581848145,1
9.326948340656054,14.556217193603516,88.226637840271,1
10.404841613107642,14.807100296020508,80.18171310424805,1
13.735995260466364,17.914795875549316,72.54724502563477,1
15.20073499429338,19.440040588378906,70.64909934997559,1
21.660380385056296,26.655359268188477,65.27581214904785,1
18.19338919471883,20.136055946350098,60.13187885284424,1
5.250106092011569,6.764955520629883,73.51713180541992,1
4.666149002344807,17.356367111206055,212.41141319274902,1
9.054694378121356,-27.24172592163086,170.21246910095215,1
4.5721400934624485,-16.357641220092773,204.33209896087646,1
20.407330712695288,85.91894149780273,225.40685176849365,1
9.648910690890544,-30.906925201416016,180.90591430664062,1
47.45157835712777,129.0128993988037,87.30603218078613,1
45.34789892739621,112.5675106048584,86.92955017089844,1
28.593619916081867,-67.68835067749023,117.53625869750977,1
27.442545763253673,-67.05978393554688,122.90608406066895,1
56.789552134994544,40.67812919616699,5.443525314331055,1
49.59420961340313,166.44756317138672,96.29519462585449,1
49.27207200565713,158.43482971191406,94.02654647827148,1
51.19759261632329,165.04915237426758,82.92122840881348,1
43.916545632363984,177.55919456481934,148.78094673156738,1
37.65467405111604,157.62267112731934,180.77204704284668,1
32.855065323279774,-72.581787109375,103.69723320007324,1
13.121361184655509,11.315898895263672,48.098859786987305,1
9.363706490947,-21.495447158813477,129.7605800628662,1
31.550269494105375,41.494407653808594,62.90081977844238,1
45.59621852245838,62.34156608581543,47.43779182434082,1
40.344894197141635,54.00111675262451,54.453492164611816,1
49.040956508176734,72.20166206359863,43.61981391906738,1
46.869289870272056,58.86345863342285,41.38924598693848,1
9.00339014477912,26.91570281982422,169.15819644927979,1
8.407471681779978,23.908448219299316,161.16914749145508,1
9.618606636299397,26.834802627563477,157.58005142211914,1
10.210131376789587,30.281057357788086,167.2071647644043,1
10.970572698401254,30.64824104309082,157.10437774658203,1
13.855205010644177,38.67227554321289,155.17616271972656,1
33.30224057753564,117.78290748596191,164.89797592163086,1
37.33209129728402,143.8748836517334,167.50685691833496,1
16.260671296851605,-52.82912254333496,178.4937858581543,1
19.957882834897525,-64.03518676757812,172.32118606567383,1
21.2378893559094,-64.74929809570312,162.2377109527588,1
3.250615843147475,10.549020767211914,185.6389331817627,1
4.33124323307095,10.757646560668945,141.9001579284668,1
6.572741462993495,-11.551380157470703,100.03071784973145,1
3.587958956965899,-9.127988815307617,145.47791004180908,1
1.9860311797147159,-5.035452842712402,145.18242359161377,1
0.14024519859526485,0.367889404296875,150.29710292816162,1
2.6887779810516372,-7.070212364196777,150.49477100372314,1
3.5756311286535003,-10.21733283996582,163.40303421020508,1
1.104223370325266,-3.049955368041992,158.2262420654297,1
2.906534039293488,-8.356833457946777,164.52406883239746,1
3.5899062618213797,-10.268244743347168,163.561692237854,1
3.3921357761159454,-9.366822242736816,157.93530464172363,1
4.421817002432459,-11.878156661987305,153.452410697937,1
0.2788812549816838,0.7669162750244141,157.5600528717041,1
1.1591401267341535,-3.195648193359375,157.9271364212036,1
0.4518603321289589,1.1686229705810547,148.17649841308594,1
0.784943892996298,2.1958303451538086,160.26623725891113,1
0.5747209589775237,-1.6155338287353516,161.04965686798096,1
2.147230135374904,-6.16847038269043,164.4812250137329,1
30.483884198378156,87.38390445709229,139.06628608703613,1
31.09724134361992,92.63855934143066,143.35651874542236,1
34.11595987028551,98.88773918151855,133.42612266540527,1
29.009155212292413,86.40320301055908,147.16452598571777,1
32.99509617053774,92.79513359069824,131.73676013946533,1
30.497506460974847,88.46795558929443,140.703763961792,1
29.752242082730024,90.51915168762207,148.9738655090332,1
31.161795658066332,94.20531749725342,145.3527545928955,1
31.675199315680064,99.34691429138184,149.74546909332275,1
32.41339584359409,98.86200904846191,144.1017723083496,1
29.99498123385643,90.21248817443848,146.82157516479492,1
20.058096087454906,77.28897094726562,206.8045949935913,1
22.47168952213896,85.43066024780273,200.36913871765137,1
22.304023058269923,81.40692710876465,192.62693881988525,1
21.881809796405065,83.14339637756348,201.2023115158081,1
21.981124045616422,85.27029514312744,205.25733947753906,1
15.581191130296006,63.998775482177734,226.46972179412842,1
16.750302024867164,67.80346870422363,221.7948818206787,1
15.383979698891691,63.296852111816406,227.08492755889893,1
10.050122283754916,42.401371002197266,237.98253536224365,1
10.35397511709037,43.77035617828369,238.2242488861084,1
7.597767423604167,31.13412380218506,232.7131462097168,1
5.449627043340569,22.59181022644043,236.4468240737915,1
6.763189688188946,28.292150497436523,238.0072259902954,1
7.398937067081922,25.257844924926758,193.95362377166748,1
7.482982585776206,30.91299057006836,234.6675682067871,1
8.57179647951163,34.9826717376709,231.20028018951416,1
5.433443193810234,22.94611930847168,240.87687492370605,1
5.2368155916281935,20.95428466796875,228.3003330230713,1
2.9360019238991097,11.657419204711914,227.1944761276245,1
7.379790826981085,28.31251621246338,217.98388481140137,1
5.646614156154727,21.306562423706055,215.14366149902344,1
4.669350151546831,15.301799774169922,187.13788032531738,1
12.373371357409749,-55.01755714416504,248.7511110305786,1
16.554460051069427,-70.46518325805664,233.4818172454834,1
12.726905468403325,-55.96468925476074,245.65549850463867,1
17.368295237535193,-75.14107704162598,236.21748447418213,1
18.559710684780015,-76.45840644836426,223.30853462219238,1
21.619987128842727,-92.42142677307129,226.8224000930786,1
36.19310427837178,-114.56683158874512,140.5988645553589,1
37.05898298137124,-115.72878837585449,136.45853519439697,1
36.576441167797235,-117.03938484191895,141.11951351165771,1
37.044587165995765,-121.13995552062988,142.93438911437988,1
37.30714970937343,-121.02902889251709,141.0721492767334,1
43.313792666172326,-109.35055732727051,94.68885898590088,1
38.41213565701631,-95.47593116760254,105.66770553588867,1
40.76359995765153,-109.62433815002441,108.27896118164062,1
36.42758714721971,-82.16166019439697,99.74822044372559,1
4.796242871024604,-8.1380033493042,96.87513828277588,1
2.470396416890895,-4.28532600402832,99.29692268371582,1
1.2353990744810135,2.190084457397461,101.54890537261963,1
2.1259018435930677,-4.269208908081055,114.9814224243164,1
6.431643684314955,11.427536010742188,101.15786075592041,1
2.20420245745986,-4.491596221923828,116.66759490966797,1
2.306106445827386,-3.0850982666015625,76.58791065216064,1
4.9451935926066986,-10.051498413085938,116.02363586425781,1
0.5233131103809091,0.9313774108886719,101.96910381317139,1
2.3199662626691344,-4.529199600219727,111.76507472991943,1
1.8339692019043512,3.6128902435302734,112.81394004821777,1
2.0060022860244073,4.050860404968262,115.63043117523193,1
2.511103318763546,4.909505844116211,111.91243171691895,1
1.2847359380720054,2.4584197998046875,109.61136817932129,1
4.5705225355043115,8.362302780151367,104.49522972106934,1
0.7592742380185366,1.6486692428588867,124.39970970153809,1
39.90178989360225,-96.55919551849365,99.50125694274902,1
31.45237161604658,64.71794128417969,98.54301452636719,1
44.28113138278332,121.59333229064941,99.84004497528076,1
45.43401930677139,137.37565994262695,105.54834365844727,1
44.218939380167235,146.3465976715088,120.58414936065674,1
45.714508172215545,144.19095039367676,108.94376277923584,1
43.965639200477085,146.86927318572998,122.7317476272583,1
33.09966429739242,111.46268367767334,157.48964309692383,1
15.645077079266194,67.15827941894531,236.60202026367188,1
6.808747624980598,29.239349365234375,244.30634021759033,1
10.8213892075647,-47.15181827545166,245.16054153442383,1
24.03031396794151,-93.98058414459229,203.4185028076172,1
41.53719556526047,-129.13257598876953,122.68971920013428,1
38.74695054134727,-106.25296592712402,115.74281215667725,1
38.69187433690915,-89.73848342895508,98.00961971282959,1
22.398533387306937,38.38191032409668,90.36832809448242,1
21.389584280775424,37.24517822265625,92.55489349365234,1
11.217963761213054,21.489219665527344,107.63199806213379,1
37.01940391195742,103.5820484161377,122.36044406890869,1
9.231979597826514,38.71613025665283,237.14152336120605,1
8.093097855578282,33.40823173522949,234.14507389068604,1
41.17170353683516,-120.83676815032959,116.94565773010254,1
5.807660397191233,21.945085525512695,215.3853178024292,1
25.2313958513258,78.79397392272949,160.64294815063477,1
15.693551618991323,60.844130516052246,213.6414098739624,1
18.64004043351514,72.99575805664062,212.16859817504883,1
17.806549036344087,68.33151340484619,208.9812469482422,1
17.07748764222864,68.32243919372559,218.80620002746582,1
16.270692409664008,68.01746845245361,229.6567153930664,1
17.420513413585272,72.12410926818848,225.98466396331787,1
16.672761367724807,68.11114311218262,223.9341115951538,1
16.05195393284059,69.13445472717285,236.88603401184082,1
21.06036701795857,-86.40557289123535,218.61449718475342,1
7.421099937559889,32.04092979431152,245.29329299926758,1
4.98186682375514,21.573991775512695,247.17986583709717,1
6.993271613158126,29.95380401611328,243.5762357711792,1
19.47735185151344,-80.6943416595459,223.23872566223145,1
20.27054576598007,-84.47047710418701,223.31866264343262,1
39.40052184295175,-130.74559211730957,138.03810596466064,1
15.813928625363703,26.239805221557617,91.3771104812622,1
8.31708089472404,14.435491561889648,98.39176654815674,1
11.690260229782686,23.89519691467285,114.65044498443604,1
22.28961914044457,42.40948677062988,100.42672634124756,1
16.664546799507214,29.895706176757812,98.34328651428223,1
13.43740935302613,27.422800064086914,113.66692543029785,1
9.153095981526505,18.129591941833496,112.02861785888672,1
44.76252554883527,90.8339786529541,72.57546901702881,1
34.87705512377544,-93.66540431976318,122.08050727844238,1
5.3543469875587375,-22.97586441040039,244.7841453552246,1
7.721771666188849,33.30394744873047,244.8618221282959,1
4.655481173292514,19.85527992248535,243.5542345046997,1
4.323116037881528,19.16153907775879,253.2307004928589,1
6.177999143030084,26.640143394470215,245.62461376190186,1
6.985589261964505,28.8809871673584,235.1145601272583,1
4.081359313005782,15.336027145385742,214.7464656829834,1
6.286697690462462,27.614498138427734,250.15377044677734,1
7.939778016121051,32.20293045043945,230.14376163482666,1
8.536087188508803,37.14065074920654,246.5126609802246,1
4.823865841989353,-21.345109939575195,252.62778282165527,1
10.003009733020221,42.02824592590332,237.03450679779053,1
6.874469037560439,25.78907012939453,213.3882236480713,1
6.616452590154082,27.1146297454834,233.23079109191895,1
13.411384840660176,56.46492958068848,234.52650547027588,1
13.075898040702267,54.01420593261719,230.43275356292725,1
13.695157367677377,59.52933311462402,241.8308973312378,1
10.611770570371196,-47.29212284088135,250.92507362365723,1
10.967332121509486,-45.800180435180664,234.84596729278564,1
10.333470928380391,-43.91196250915527,239.48517322540283,1
10.067954796143752,-42.419843673706055,237.65111446380615,1
27.743564631437213,37.89346694946289,68.47105979919434,1
21.212147573547945,-23.86180877685547,59.872941970825195,1
17.84671147602756,-20.929880142211914,63.85129451751709,1
6.129772046318032,-6.185941696166992,57.488951683044434,1
15.286211281741853,-16.95970058441162,61.264214515686035,1
9.519446905885964,-10.311155319213867,61.19835376739502,1
13.48888919531789,-15.737252235412598,64.96710777282715,1
0.3168409829516813,-0.5664730072021484,102.43629455566406,1
5.164589194339731,9.195852279663086,101.60317897796631,1
0.2647611649557844,0.4449939727783203,96.29812717437744,1
0.580967062100719,1.0197925567626953,100.56818962097168,1
1.6082694092042615,-2.892427444458008,103.00425052642822,1
2.4038577290050456,4.215478897094727,100.38717269897461,1
0.29356271234803183,0.5072879791259766,99.0080738067627,1
1.2892941145725405,2.1475601196289062,95.41265487670898,1
0.5224590760977135,-0.9312915802001953,102.12638854980469,1
0.6553454799880952,-1.2663555145263672,110.7081413269043,1
1.3251762922486618,2.706279754638672,116.97834491729736,1
43.75780341598844,-58.0019474029541,49.02750492095947,1
41.9252692285659,-66.92111015319824,62.335195541381836,1
39.69735416192016,-59.126667976379395,61.53599739074707,1
45.21139038011159,-73.76794338226318,57.4260950088501,1
42.168317319964196,-66.88350677490234,61.524624824523926,1
41.43922953630423,-67.13547706604004,64.10329341888428,1
42.32225594817788,-69.76531028747559,63.66514205932617,1
41.3115681224784,-67.32668876647949,64.70171928405762,1
42.848935452587696,-72.61168956756592,64.45654392242432,1
39.23678961422514,-63.77492427825928,67.86410808563232,1
40.81566819280985,-67.25440502166748,66.25730037689209,1
40.42906852928817,-66.00214958190918,66.27993106842041,1
38.256999236601494,-64.4613790512085,71.8670654296875,1
41.105646199618796,-52.35649108886719,50.83876132965088,1
39.91987116103117,-46.51105880737305,47.88604259490967,1
43.85443058446877,-53.602800369262695,45.06909370422363,1
55.98654642762019,112.76718139648438,24.529495239257812,1
55.46437797555468,111.55242919921875,28.902440071105957,1
53.86821055346326,107.38094329833984,38.910770416259766,1
54.09941012926569,113.52497100830078,39.59684371948242,1
54.49505501496973,112.13801860809326,36.411123275756836,1
53.0371408033846,105.39588928222656,43.075618743896484,1
53.721773123617716,113.22830200195312,41.98345184326172,1
53.91035056857123,114.47362422943115,41.200690269470215,1
53.8349939664574,111.82157516479492,40.73478698730469,1
53.29462483255187,118.90864849090576,46.93333625793457,1
53.971318020921615,120.14705657958984,42.81482219696045,1
52.48016931632419,117.36978530883789,51.420979499816895,1
51.50055676032555,111.25940322875977,54.24591064453125,1
25.101959844695212,-31.31718635559082,64.25678730010986,1
25.76280671265257,-33.71802806854248,66.97978019714355,1
17.77141132365975,-23.56560707092285,72.22944259643555,1
21.897052615899895,-29.01611328125,70.16012191772461,1
20.73663857715894,-27.439842224121094,70.67710876464844,1
23.250224369489626,-32.194108963012695,72.51059532165527,1
24.390500644763907,36.39690399169922,77.36616611480713,1
27.718374184153426,42.008867263793945,75.99742412567139,1
33.358825958206076,50.181541442871094,70.07492065429688,1
29.544485275801442,43.297080993652344,71.94231033325195,1
32.51126369534598,49.12921905517578,71.29374504089355,1
36.142353278355706,55.79770088195801,68.63605499267578,1
34.621396130128716,52.96786308288574,69.84477996826172,1
35.34404777430852,53.99614334106445,68.89373302459717,1
47.47810242874337,-61.491103172302246,41.538405418395996,1
48.17870724682126,-65.10267734527588,41.90299987792969,1
45.96635249050847,-61.05538368225098,45.43164253234863,1
46.726792297287524,-63.96665096282959,45.39083003997803,1
42.20989109851877,-57.84904956817627,53.099613189697266,1
44.36021533856664,83.25236320495605,68.05532455444336,1
45.930542058395744,87.10227966308594,64.95497703552246,1
46.316387701896204,88.88101577758789,64.72452163696289,1
47.527306709270086,91.66874885559082,61.71914577484131,1
11.034998629218977,-10.991744995117188,56.00270748138428,1
10.985347980114424,-11.24363899230957,57.554969787597656,1
35.729040773701314,-14.415359497070312,18.071565628051758,1
17.61593864271669,-8.886823654174805,27.504301071166992,1
14.585591530877506,-8.882160186767578,33.741817474365234,1
15.143398433215012,10.408906936645508,37.98215389251709,1
2.719355062226354,2.097291946411133,44.139347076416016,1
3.122820066114351,2.459125518798828,45.051612854003906,1
3.1269617959014786,2.5031185150146484,45.79665184020996,1
49.17886520269785,90.12026786804199,53.87193202972412,1
50.40087291827222,103.86180877685547,56.15431308746338,1
51.605762691861955,108.25162887573242,52.21677303314209,1
50.99669854306804,107.40090370178223,55.00518321990967,1
51.31115364590401,110.07216930389404,54.69064235687256,1
49.96938937136141,112.70622253417969,63.22927951812744,1
49.13274382229111,-98.60112190246582,59.15149211883545,1
47.73856784531491,-108.34144592285156,71.90457344055176,1
50.171019097486315,-115.1898193359375,63.53067398071289,1
49.87845466950357,-116.3381576538086,65.76245784759521,1
47.774171159842204,-106.94888114929199,70.80721378326416,1
44.46641986574043,-83.15970420837402,67.57351398468018,1
42.67780527782808,-81.96290969848633,73.41782569885254,1
43.8366615644249,-89.66251373291016,75.4617691040039,1
42.433301422374655,-83.3669662475586,75.63863754272461,1
46.6711118125599,-89.95095252990723,64.05644416809082,1
45.936751928300744,-90.99210739135742,67.83007621765137,1
45.808226947836545,-91.9979476928711,69.11720752716064,1
44.86779902273092,-90.87634086608887,72.17127799987793,1
43.383532720144714,-85.90803146362305,74.11013603210449,1
44.16124664858306,-92.51469612121582,76.47469997406006,1
45.273809421025604,-98.37060928344727,76.2984037399292,1
45.08521818240561,-96.70459747314453,75.838623046875,1
45.252499962339236,-99.0005111694336,76.88319683074951,1
45.364240754401166,-99.41545486450195,76.69890403747559,1
23.335956269259963,-22.90781021118164,51.36812210083008,1
4.98141103788987,-6.442527770996094,73.82082939147949,1
9.46317095563229,-12.217965126037598,72.95901775360107,1
8.132622016682955,-10.49929141998291,73.22045803070068,1
10.819702730863627,-13.628759384155273,70.8726453781128,1
38.24860516872098,-45.50760269165039,50.755863189697266,1
42.17215532139167,-59.54092979431152,54.75947856903076,1
40.276236878033835,-53.90838623046875,54.54362869262695,1
43.29657089090296,-58.27815055847168,50.51105976104736,1
43.76456870645027,-61.245527267456055,51.7500114440918,1
42.0153886486002,-61.6302490234375,57.141523361206055,1
44.3218111060404,-61.88387870788574,50.69684028625488,1
43.52724907319726,-65.17999649047852,55.792622566223145,1
44.33132680648101,-63.66288185119629,52.12636470794678,1
22.742168122125765,-13.293590545654297,30.740089416503906,1
33.70819670106625,-26.404638290405273,36.292476654052734,1
47.748077127760936,61.19065761566162,40.58485507965088,1
40.56853889123387,65.45841217041016,65.28305053710938,1
41.18800199949219,73.19486618041992,70.77991962432861,1
43.73815241918241,76.97924613952637,65.13864040374756,1
44.449893246852184,81.85442924499512,66.57504558563232,1
40.38843940797466,73.29265117645264,73.74850273132324,1
43.06979365534427,-116.37740135192871,102.10086822509766,1
49.323351868566846,-100.98299026489258,59.69095230102539,1
48.10045838427666,-102.38542556762695,66.26511096954346,1
31.204433402440586,41.47513389587402,63.869261741638184,1
27.604830823683344,37.95801639556885,69.03762817382812,1
32.85793253624839,52.2428035736084,74.62932586669922,1
28.749713734262265,44.0776252746582,75.98394870758057,1
54.38549610876384,180.8033561706543,59.93509769439697,1
40.8391435436982,114.01870727539062,112.19714641571045,1
41.31375735707613,115.15387535095215,110.65197944641113,1
38.8097774493321,110.49700736999512,120.00659465789795,1
40.076518955790185,115.95752716064453,118.47696304321289,1
39.43342302664486,110.27832984924316,116.24489307403564,1
39.21964777454327,110.99172592163086,118.20559501647949,1
39.53710198734171,-118.25117111206055,124.02731895446777,1
40.9055862250757,-117.83660888671875,115.57087898254395,1
39.163492611532234,-113.27849388122559,120.96628189086914,1
48.178714532487284,-106.71040534973145,68.68356227874756,1
46.70182704250261,-113.15757751464844,80.4248857498169,1
46.74043748018014,-116.62775993347168,82.68706798553467,1
46.66271102829165,-115.93673706054688,82.60577201843262,1
54.19052772614478,-108.95341873168945,37.409048080444336,1
38.76981377871374,-109.77231025695801,119.44650650024414,1
13.609331753667954,-17.051401138305664,69.73252773284912,1
42.662264196937166,-79.63752746582031,71.39323711395264,1
3.73941862972605,-6.8552398681640625,104.81278896331787,1
3.9015209954348786,-7.255754470825195,106.30704402923584,1
5.526133161560852,-12.40046501159668,127.97048091888428,1
2.210224610448333,4.927043914794922,127.62897491455078,1
4.202947591169372,-9.1864013671875,124.8942518234253,1
3.1829640327172455,-6.5753936767578125,118.17931652069092,1
4.81168098174529,-10.70948600769043,127.07425117492676,1
5.014507432491821,-11.51789665222168,131.09853744506836,1
2.688519294999182,5.659818649291992,120.48510074615479,1
4.044524515847813,-8.503246307373047,120.15868663787842,1
8.761231788364828,-19.150171279907227,123.76346111297607,1
6.791446262712044,-15.678672790527344,131.34002208709717,1
21.89592001467451,-53.65769386291504,129.75060939788818,1
25.67764373870311,-63.010005950927734,125.68747043609619,1
21.51394249952246,-53.51698875427246,132.09697723388672,1
19.26438139167916,-53.80566596984863,150.7111930847168,1
20.9719345076341,-57.65647888183594,146.5874719619751,1
39.69453129702939,99.56640243530273,103.63776683807373,1
39.08271199960764,100.07192611694336,107.27763175964355,1
40.16991463259634,102.2331714630127,103.97838592529297,1
1.3390178921812959,-3.302145004272461,141.2582302093506,1
11.181660192190783,-28.05624008178711,140.99830627441406,1
14.48193742805993,-38.891801834106445,148.87381553649902,1
6.474912810876629,12.297306060791016,108.12040328979492,1
4.221795520743959,-8.054733276367188,109.01704788208008,1
0.8061799503729219,-1.574554443359375,111.89362049102783,1
2.853702986284625,-5.424966812133789,108.78564834594727,1
0.9549553901084759,-1.9579792022705078,117.45926856994629,1
3.5730804992746044,-6.984348297119141,111.77883625030518,1
3.4467172305830065,-6.800680160522461,112.84493923187256,1
6.446318885510128,-12.914447784423828,114.05659675598145,1
1.3026203934414524,-2.463397979736328,108.32459449768066,1
0.24963661154772418,-0.4825878143310547,110.76092720031738,1
4.785658050891841,-9.303522109985352,110.99620342254639,1
6.031586555621689,-12.365312576293945,116.8090009689331,1
7.651473233942096,-15.525636672973633,115.21777153015137,1
4.6942459368514715,-9.427013397216797,114.67490673065186,1
12.986811231721623,-28.01401138305664,120.37671089172363,1
7.904853856955695,-16.19889259338379,116.28962516784668,1
11.181562164936125,-23.94038200378418,120.31491279602051,1
7.597107693289391,-15.256328582763672,114.04406547546387,1
8.349190809320143,-16.733016967773438,113.60352516174316,1
9.128387232853795,-19.344377517700195,119.86719131469727,1
8.597778485273622,-18.16096305847168,119.6546745300293,1
9.634848743075738,-20.323467254638672,119.13698673248291,1
7.15274000800048,-15.540742874145508,123.51256370544434,1
7.308914446429398,-15.627050399780273,121.50219440460205,1
3.0768278583208564,-6.497888565063477,120.82716464996338,1
8.25613841411883,-16.747026443481445,115.00774383544922,1
9.264510074268516,-19.771623611450195,120.66727638244629,1
9.099761303455463,-19.234886169433594,119.57342147827148,1
6.057937559294936,-13.42092514038086,126.22318267822266,1
5.974698300277751,-13.898191452026367,132.5533676147461,1
4.962427082987183,-11.452875137329102,131.737060546875,1
2.4812028776649653,-5.397186279296875,124.51456546783447,1
6.142552966779345,-14.346475601196289,133.04811000823975,1
3.1902560787552754,-6.717376708984375,120.45435905456543,1
6.085438100085531,-12.624101638793945,118.18646907806396,1
6.77326863515084,-15.724287033081055,132.08066940307617,1
6.28734885729247,-14.63724136352539,132.5817060470581,1
3.7863040362697284,-8.817834854125977,133.1431245803833,1
6.521055856590255,-14.943408966064453,130.44372081756592,1
31.007502341715245,67.0598316192627,104.19938564300537,1
30.970740718948193,68.15509796142578,106.07896327972412,1
29.59763737324654,69.31820869445801,114.89709377288818,1
31.08683105181754,70.19622802734375,108.67897510528564,1
35.20437575385064,86.12955093383789,110.59574604034424,1
38.06805726882324,104.8387622833252,117.92800426483154,1
35.441409783013135,94.50672149658203,120.04603385925293,1
35.43401898144401,93.44344139099121,118.73551368713379,1
35.19731156521309,97.54695892333984,125.29679775238037,1
33.87564230113599,92.34314918518066,125.96248626708984,1
33.45145345232291,89.18577194213867,124.01945114135742,1
35.40153098426609,98.78108978271484,125.70436477661133,1
34.86354978768257,97.63938903808594,127.33838081359863,1
35.77127960736584,97.61758804321289,122.14005947113037,1
36.2942860983959,101.76898956298828,124.31317806243896,1
29.441347106209466,72.23727226257324,120.6016731262207,1
34.10836492014491,92.53575325012207,124.89865779876709,1
35.69193703348434,96.45443916320801,121.12405300140381,1
34.76545557470609,99.93568420410156,130.91661930084229,1
34.74185581168123,101.40153884887695,132.97968864440918,1
31.76410202113402,87.08588600158691,130.73501586914062,1
28.404201532455094,80.50025939941406,141.0232400894165,1
40.53835563206539,105.28080940246582,105.1554822921753,1
43.61397845603559,113.96025657653809,97.08808422088623,1
47.46404977590359,123.82841110229492,83.72745037078857,1
46.229725915731024,125.85368156433105,92.14349269866943,1
46.97678240057341,124.77612495422363,87.12684631347656,1
46.44623821433604,131.66964530944824,95.10824203491211,1
47.585556740070864,128.24590682983398,86.0066556930542,1
38.211437019792726,86.0699462890625,96.16451740264893,1
37.75468456216022,82.7658462524414,94.47825908660889,1
36.75604389195288,80.52188873291016,96.28668308258057,1
36.26681654593541,77.26329803466797,94.49827194213867,1
32.63721447401333,76.80265426635742,110.81704616546631,1
34.462084779793194,79.2133617401123,105.21233081817627,1
39.348831290226535,106.56356811523438,112.78751850128174,1
41.89412792749914,116.37767791748047,108.57602119445801,1
39.38017020758732,107.11058616638184,113.19567203521729,1
38.870990642593675,104.90281105041504,113.59920501708984,1
39.053306929361284,106.05661392211914,113.85329246520996,1
41.043866008804855,117.39683151245117,114.3469762802124,1
38.45020550727363,90.25703430175781,99.71198558807373,1
38.920413945119556,93.83458137512207,101.37422561645508,1
38.556706215445736,96.588134765625,106.16945743560791,1
34.95160998301005,86.66327476501465,112.57113933563232,1
36.78450032042546,88.7382984161377,105.97218990325928,1
36.92975962526521,89.4239330291748,106.07540130615234,1
40.73501255729958,87.60137557983398,86.64919853210449,1
32.23651108382127,-90.60720443725586,133.13392639160156,1
31.524368890535204,-91.82029724121094,139.35326099395752,1
31.162494138346016,-92.48213768005371,142.68945693969727,1
31.38977745751959,-86.45551681518555,132.01738357543945,1
30.799501484905456,-84.6989917755127,132.86277294158936,1
32.41840924364906,-93.8475513458252,136.76156044006348,1
29.105414048815522,-82.35753059387207,139.64962005615234,1
32.5286249633971,-90.50450325012207,131.23198986053467,1
30.046916783941555,-82.60611534118652,134.12192344665527,1
28.77185575624102,-76.63583755493164,131.97406768798828,1
26.348928141071358,-63.63387107849121,122.87198066711426,1
24.198155117363875,-58.49530220031738,125.54510593414307,1
23.704062882240137,-60.94287872314453,134.10913467407227,1
25.192715396045433,-62.81397819519043,128.30726623535156,1
26.067109833841343,-62.46950149536133,122.27517127990723,1
27.1565428540052,-68.10053825378418,126.51673793792725,1
23.823412817640417,-57.00309753417969,124.68077659606934,1
25.967306282627927,-76.22408866882324,149.92056369781494,1
25.626475332430193,-72.23941802978516,144.45752620697021,1
26.519271940251713,-77.04355239868164,147.5520944595337,1
23.807447595311995,-64.30436134338379,140.76458930969238,1
25.240155467367483,-66.95028305053711,136.4375925064087,1
23.63538403455545,-65.04373550415039,143.63501071929932,1
33.08803128655562,-89.65551376342773,126.74434661865234,1
32.528171702109304,-88.53836059570312,128.3837127685547,1
28.070524462699957,-76.00861549377441,135.24919509887695,1
28.865446080550416,-80.96681594848633,138.82756233215332,1
28.999134134777183,-79.50495719909668,135.47814846038818,1
31.502968473421575,-88.11246871948242,133.85624885559082,1
30.575124746553854,-84.65113639831543,134.15616989135742,1
28.89523450902398,-79.76602554321289,136.5796709060669,1
34.38747948695691,-96.4987564086914,128.60647201538086,1
28.13769547655364,-69.23858642578125,122.81550407409668,1
29.409970649390278,-72.78463363647461,121.69162273406982,1
26.92574980135706,-67.1937084197998,126.21035099029541,1
25.777299514694125,-66.58467292785645,132.17509746551514,1
21.991572797037495,-54.79118347167969,131.81643962860107,1
20.70283949242797,-48.439321517944336,125.00006675720215,1
23.93494563537685,-60.12714385986328,130.7725954055786,1
23.284313747720148,-56.67001724243164,127.41379737854004,1
2.326522391625703,-6.180686950683594,152.08760261535645,0
1.5623896906392163,-3.981304168701172,145.94764709472656,0
9.045893494375004,-25.66995620727539,160.55173873901367,0
12.447431208714708,-33.79386901855469,151.83866500854492,0
13.976415000878813,-37.15654373168945,147.72045135498047,0
2.404508762601343,-8.083295822143555,192.44293212890625,0
0.12768462740478684,-0.4154682159423828,186.4321231842041,0
6.409371167945445,-21.579675674438477,191.69803619384766,0
7.948789360883388,-25.824737548828125,184.34758186340332,0
9.60110222141438,29.963884353637695,176.284818649292,0
1.301098144838501,-4.253978729248047,187.28193283081055,0
4.8552764755543265,-15.718555450439453,184.82314109802246,0
0.46000450985724933,-1.4832496643066406,184.73994255065918,0
9.590682743379654,-31.498737335205078,185.5218744277954,0
6.9388965973344705,-22.752304077148438,186.48725509643555,0
0.051303142923331935,-0.16620635986328125,185.62057971954346,0
1.3163627535092435,-4.247760772705078,184.83850479125977,0
3.3697586979934817,-11.158828735351562,189.40438270568848,0
14.595745889873918,-48.93289566040039,185.74946880340576,0
18.479300633136393,57.41201400756836,168.49558353424072,0
3.1181832957979596,-7.4718475341796875,137.08971977233887,0
1.8570943167712566,-6.520509719848633,201.06754302978516,0
5.2659874784205964,-17.84463882446289,193.3341121673584,0
3.377769499359136,-11.508779525756836,194.87937927246094,0
9.1151563468788,-28.662824630737305,177.87334442138672,0
5.238522078112345,-16.999521255493164,185.15170097351074,0
11.08367155295343,29.406461715698242,149.1419506072998,0
5.640089401562492,-20.22726058959961,204.48397636413574,0
32.16470862261476,114.20540809631348,168.35583686828613,0
2.6727180840840647,-9.310979843139648,199.38470363616943,0
5.335903022159518,-15.00741958618164,160.44610977172852,0
16.605480684701057,-45.439453125,150.05587577819824,0
19.620574050324038,61.200103759765625,167.91040420532227,0
1.7964721894158837,-5.952243804931641,189.7445297241211,0
6.187955387010646,-19.748735427856445,181.78876876831055,0
9.508217235692001,-29.598283767700195,175.88390350341797,0
12.573165163413476,-39.81875419616699,177.03075885772705,0
9.851290986526926,-31.506404876708984,180.51451206207275,0
5.417878049977687,15.704455375671387,165.3354263305664,0
6.175156785785873,17.905607223510742,165.16825675964355,0
5.692797690043385,16.29589080810547,163.20018768310547,0
4.514298352202808,13.036231994628906,164.94237899780273,0
5.225480692034545,15.393681526184082,168.0835247039795,0
11.8117293301937,37.12384223937988,176.2104320526123,0
0.5165669652728483,-1.4768600463867188,163.8014316558838,0
1.918124002755165,-5.445928573608398,162.58272171020508,0
3.363073305524422,-9.707040786743164,165.09112358093262,0
10.189470086680489,30.35928726196289,167.99019813537598,0
6.869644149895238,-15.117168426513672,125.17413139343262,0
10.440384289987973,-29.765090942382812,160.61305046081543,0
12.950646187965509,38.75409126281738,167.01720714569092,0
12.951986584418911,38.208112716674805,164.6462631225586,0
4.953285740599537,10.250539779663086,118.12640190124512,0
2.991933932461299,6.317415237426758,120.81396102905273,0
3.901070286687935,-7.617893218994141,111.6258430480957,0
3.4157400443663253,-6.934089660644531,116.10586166381836,0
16.4724372118751,-36.17143630981445,120.50271034240723,0
5.765195533503537,13.980159759521484,138.23275566101074,0
1.6337180737909034,-6.187906265258789,216.9265079498291,0
15.26625476712077,-53.56820106506348,193.77891540527344,0
3.4554644741066762,11.056451797485352,182.9956340789795,0
0.28857582901111245,-0.9096431732177734,180.60436248779297,0
1.0270540605361012,-3.2114410400390625,179.12635803222656,0
9.890897857228383,-30.527267456054688,174.18282508850098,0
10.893425939398815,-34.768619537353516,179.5356845855713,0
12.372481733983056,-36.93524360656738,167.00806617736816,0
1.1029215511760446,3.350343704223633,174.01508331298828,0
1.635619257503532,5.027532577514648,176.04280471801758,0
9.025578684867915,26.715707778930664,167.47804641723633,0
6.223807176359124,-21.019277572631836,192.35647201538086,0
9.395256152976586,-24.73318099975586,148.79050254821777,0
14.711075877165285,-36.717185974121094,138.20975303649902,0
1.7544345377095978,-5.553903579711914,181.29261016845703,0
4.030446743647634,-12.081260681152344,171.3185977935791,0
6.626783681021844,20.86568832397461,179.19593811035156,0
5.740250074021777,17.734899520874023,176.12863540649414,0
4.698417685905272,14.874773025512695,180.78243255615234,0
0.777683269355269,2.3508453369140625,173.18246841430664,0
1.821971364434036,6.078801155090332,191.06420516967773,0
1.820328305917562,-4.298305511474609,135.22310256958008,0
1.4065115978110128,-3.325672149658203,135.43404579162598,0
3.1832320554834066,-7.644138336181641,137.37622261047363,0
2.4097516359621323,-5.695457458496094,135.29897689819336,0
5.457443516251096,13.982353210449219,146.1283779144287,0
1.2438177782050035,3.939352035522461,181.42131328582764,0
1.5584753491992565,-5.164461135864258,189.79597091674805,0
6.2964277074713735,20.6687068939209,186.94048404693604,0
8.68159735864305,27.598390579223633,180.03756523132324,0
8.095336456637897,-21.9095516204834,153.51204872131348,0
6.826526248886328,-20.32221794128418,169.35161590576172,0
6.247060440351413,-18.976612091064453,173.0090045928955,0
7.117000986271725,-21.35951042175293,170.62408447265625,0
12.231672347725176,-37.144057750701904,169.9796962738037,0
15.907971201366408,-40.70331573486328,140.83735942840576,0
13.12372545668624,45.845680236816406,194.83257293701172,0
2.369170155699827,9.49254035949707,229.3703269958496,0
10.908947432716733,-19.79297637939453,102.05466270446777,0
2.891350467009518,10.169401168823242,201.26283645629883,0
3.288081647246155,10.891036987304688,189.46672439575195,0
0.2691057203826214,-0.9256362915039062,197.07670211791992,0
6.299213388210888,18.0523681640625,163.20362091064453,0
11.409817864292917,-41.327247619628906,203.37321281433105,0
9.448763242696069,-24.875621795654297,148.7764835357666,0
9.725134238316935,-24.439992904663086,141.89927101135254,0
5.825206354630359,-16.844148635864258,164.81781005859375,0
16.748963904684924,-41.48008346557617,135.69916248321533,0
11.413256693274345,35.512399673461914,174.7032594680786,0
8.338771648536548,25.807209014892578,175.43354988098145,0
10.35807555441254,32.93044090270996,179.1536521911621,0
5.187433836080769,-12.885894775390625,141.7416000366211,0
6.099392225839305,-15.157442092895508,141.57517433166504,0
3.6213722892835696,-9.427452087402344,148.85882377624512,0
2.663393398953601,-6.036853790283203,129.72636222839355,0
0.3206213428467605,0.7203197479248047,128.72079849243164,0
6.384765724931328,-21.00562334060669,187.32677936553955,0
9.775360517848853,-30.0222110748291,173.3875322341919,0
5.672147107248662,19.603271484375,197.04483032226562,0
2.948776249890412,-8.406836986541748,163.13138008117676,0
7.3874695684727625,-22.40157127380371,172.2920036315918,0
17.930534834573404,-52.63537406921387,159.7444725036621,0
12.588517483104022,-37.7384877204895,167.56709575653076,0
14.118409795654111,-39.15755033493042,154.0104103088379,0
5.326010487837879,-14.567346572875977,156.03303909301758,0
10.262873852647385,-27.43551254272461,150.69036483764648,0
6.5718730684808655,-16.550235748291016,143.33816528320312,0
7.9868215965231215,-17.165260314941406,121.93771362304688,0
7.578992244681443,-15.920209884643555,119.29624557495117,0
2.441898155380562,-8.016443252563477,187.923903465271,0
1.0623350463127148,-3.6197566986083984,195.1937198638916,0
5.000945884382477,-17.44903564453125,199.1504430770874,0
11.818736876963566,-36.42301559448242,172.7768611907959,0
9.49231349798493,-30.387463569641113,180.88459968566895,0
17.723589442930294,-56.62984848022461,174.0906572341919,0
5.023421631581555,17.352981567382812,197.1612024307251,0
2.6652977420202566,9.38328742980957,201.49372100830078,0
5.881720249767575,-19.485673904418945,188.8135814666748,0
3.814351012265228,-13.386754989624023,200.63780307769775,0
13.236112539072046,-36.84335708618164,155.17155647277832,0
3.381309366066308,8.645792007446289,146.2463092803955,0
2.456424598646673,-8.85310173034668,206.30756378173828,0
16.660590748164545,-38.25634002685547,125.8786153793335,0
9.593084838626055,32.879581451416016,193.60490798950195,0
10.638038017475518,-28.79373550415039,152.38469123840332,0
7.630494662936296,-25.497474670410156,189.74973678588867,0
17.032107795354563,-50.75885772705078,163.03318977355957,0
3.3734871183152864,-13.074145317077637,221.66789531707764,0
3.5063434916754836,-14.759836196899414,240.73262214660645,0
10.255731356155732,-41.81912422180176,229.85804557800293,0
8.37156088030079,-36.49059295654297,247.0649528503418,0
9.062036289267894,-38.55783462524414,240.71788787841797,0
5.543069731549287,-23.330516815185547,240.02400398254395,0
3.6309279195937965,-14.897255897521973,234.60511207580566,0
4.8140216584572,-20.20864486694336,239.6698522567749,0
3.060898000318586,-12.473673820495605,233.15650463104248,0
2.785809843917105,-11.412687301635742,234.44724082946777,0
1.2978446768632064,-5.323400497436523,234.95116710662842,0
0.11074499941476877,-0.4602479934692383,238.1165599822998,0
2.9956225586183027,-12.779884338378906,244.10016059875488,0
1.8872390852570093,-7.787113189697266,236.28517627716064,0
9.363194897617653,37.671308517456055,227.4214267730713,0
6.054177307973104,-25.223169326782227,237.3717498779297,0
5.418818589333014,-22.736902236938477,239.33062076568604,0
4.101888145691427,-17.18315601348877,239.40098762512207,0
2.8952296198360146,-11.862611770629883,234.45784091949463,0
3.5600784214069834,-14.70301628112793,236.17260932922363,0
9.006337542355206,-36.18034362792969,227.30775833129883,0
7.441247452285954,-29.832897186279297,227.7604866027832,0
9.967078020466037,-41.34474754333496,234.0466547012329,0
3.30859683848558,-13.856096267700195,239.5490026473999,0
11.466639246356753,-48.17666053771973,235.85602283477783,0
8.27894217432394,-34.21343803405762,234.29484844207764,0
6.851555826887682,-28.43196392059326,236.05472087860107,0
6.606035312940863,-26.250267028808594,226.15671157836914,0
5.653480481508199,-24.630403518676758,248.4012222290039,0
1.7158552194114736,-6.880388259887695,229.64664459228516,0
3.729234149574032,-15.225515365600586,233.42808723449707,0
2.7395388923351156,-11.110525131225586,232.10406303405762,0
1.6911093265876727,-7.118639945983887,241.07863426208496,0
0.9696345185885581,4.065237045288086,240.1807737350464,0
3.0935263700466717,-12.555112838745117,232.19640254974365,0
1.035648102957225,-4.398908615112305,243.32369327545166,0
2.191795610860899,9.307184219360352,243.1212329864502,0
2.9891301054056862,12.62463092803955,241.65995121002197,0
3.916592019739972,-15.834035873413086,231.09410762786865,0
10.831517568696142,-46.360483169555664,240.81234455108643,0
9.12692549493534,-36.64923667907715,227.13385105133057,0
8.782950572798855,-36.17778778076172,233.2172727584839,0
6.237718875860459,-26.047182083129883,237.83101558685303,0
2.208435917033054,-8.951749801635742,232.0720911026001,0
1.1500667845986676,4.7391510009765625,236.05467796325684,0
2.8202078119417466,-11.736130714416504,238.14404010772705,0
4.368723283107694,18.194518089294434,237.92633056640625,0
8.840758697599135,36.37221336364746,232.9004430770874,0
10.456464615576566,42.69627571105957,230.023512840271,0
10.582125240110283,42.16592788696289,224.37522411346436,0
5.682698871054437,24.065628051757812,241.44517421722412,0
7.165410497532815,29.745893478393555,235.98562717437744,0
5.156300251249503,21.473255157470703,237.63832569122314,0
2.9974125571325763,12.734746932983398,243.09236526489258,0
2.2430964808265488,9.208755493164062,235.0404167175293,0
3.2288183189717623,13.525934219360352,239.6379518508911,0
1.3161881573766605,-5.61182975769043,244.22747611999512,0
5.817170696279521,-23.71603012084961,232.38218307495117,0
8.915206544181602,-37.6724910736084,239.1627073287964,0
11.779726866617196,-47.99990653991699,228.48069190979004,0
10.484043544539878,-44.04122352600098,236.62364959716797,0
8.2033140282777,-33.39643478393555,230.8531665802002,0
5.880398105297363,-24.635496139526367,238.76891613006592,0
2.7197546699424398,-11.663212776184082,245.42638778686523,0
7.055465755589504,-30.270395278930664,243.94788265228271,0
6.588557201807743,-27.192869186401367,234.9074649810791,0
7.083090355072073,-30.169992446899414,242.1758508682251,0
3.5291557875150477,-15.106992721557617,244.79604721069336,0
3.8784085868750733,-16.448888778686523,242.4422836303711,0
3.3438988558342095,-14.309778213500977,244.77187156677246,0
3.82103575522224,-15.806951522827148,236.49487495422363,0
2.0154455288330855,-8.277168273925781,235.16056537628174,0
1.3001499671778942,-5.503683090209961,242.47711658477783,0
2.604890859184455,-11.007885932922363,241.87318325042725,0
0.04092384419252071,-0.1713085174560547,239.84189987182617,0
0.7783988801597422,3.3010387420654297,242.9578685760498,0
1.2002313388143069,5.07568359375,242.24616050720215,0
1.7771925813059577,7.805905342102051,251.53730392456055,0
1.7934977055618742,-7.819128036499023,249.6705150604248,0
2.480763292267783,10.533571243286133,243.05551528930664,0
2.845756133920518,12.216348648071289,245.65750122070312,0
3.4114791444701407,14.690465927124023,246.2885856628418,0
4.6264626067267045,20.169954299926758,248.97631645202637,0
0.5405744642097289,2.132730484008789,226.03919506072998,0
2.4477359409375397,-9.664716720581055,226.02190017700195,0
0.4433993561331889,-1.8302345275878906,236.4946460723877,0
0.3358971950912077,1.4020156860351562,239.14519786834717,0
1.1210112236733107,-4.545068740844727,232.25762844085693,0
0.1156725728939698,-0.46393394470214844,229.7986650466919,0
2.6386561604443153,-11.098165512084961,240.7298755645752,0
1.2282112306803081,-5.239896774291992,244.38384532928467,0
0.6394605398001186,-2.6531124114990234,237.7045440673828,0
1.1492864540317083,-4.845590591430664,241.52031898498535,0
1.9147319633716497,-7.636594772338867,228.38719367980957,0
1.2941524637340562,-5.394229888916016,238.75684261322021,0
2.662336646857582,-10.767526626586914,231.47615432739258,0
1.5555528612529441,-6.439423561096191,237.09627628326416,0
0.6295919667737111,-2.5606441497802734,233.0163860321045,0
2.615666800264501,-10.98881721496582,240.4573917388916,0
1.99412960303438,-8.212995529174805,235.8346652984619,0
2.204822190049155,-9.414939880371094,244.48083400726318,0
2.46823476619869,-10.013785362243652,232.2368288040161,0
2.981637470349318,-12.398676872253418,237.93278217315674,0
1.9491679448701618,-7.861776351928711,230.96310138702393,0
0.5039874479308382,2.1071815490722656,239.5455265045166,0
0.8969599585831549,3.7881088256835938,241.9461965560913,0
0.744842438825025,3.0174732208251953,232.09455013275146,0
2.6809543534679445,11.081304550170898,236.56372547149658,0
6.765764405783826,-27.044806480407715,227.42616176605225,0
4.454336442130814,-18.241562843322754,233.92963886260986,0
0.2692761271377155,-1.089797019958496,231.88123226165771,0
0.06438862804352347,-0.25542259216308594,227.2859001159668,0
3.937568355424593,-16.44073486328125,238.66446018218994,0
0.2767410157541676,1.1508798599243164,238.27255725860596,0
2.8558091898867874,-12.408084869384766,248.63259315490723,0
2.1511775588856428,-8.841180801391602,235.3153896331787,0
2.5744266502668838,-10.849833488464355,241.22723579406738,0
2.8765042478006575,-11.949005126953125,237.70666122436523,0
1.775165105798162,-7.720527648925781,249.0705156326294,0
2.564798883125893,-10.697164535522461,238.72748851776123,0
2.4331188629858786,-10.414390563964844,245.0198221206665,0
2.908958020516126,-12.645959854125977,248.75769138336182,0
3.9674094735141683,-16.390504837036133,236.13711833953857,0
1.898958220977563,-7.534589767456055,227.21038341522217,0
0.565500593779389,-2.360711097717285,239.17250633239746,0
1.8752684224031053,-7.862691879272461,240.1030683517456,0
2.1780527115510804,-9.239091873168945,242.86756038665771,0
0.10783740320438345,-0.46536922454833984,247.25785732269287,0
2.2763470487071777,-9.498300552368164,238.8839864730835,0
1.6795986629462711,-7.056031227111816,240.59739589691162,0
2.2014121138105587,-9.246387481689453,240.47646045684814,0
3.1009960399260432,-13.243818283081055,244.34171676635742,0
1.2693004325783261,-5.286188125610352,238.55813026428223,0
1.628919459796043,-6.903872489929199,242.73935794830322,0
0.00143286592269312,-0.0057888031005859375,231.4759397506714,0
1.2183724407403742,-4.984111785888672,234.33228492736816,0
1.1848472717159217,-4.859962463378906,234.96344089508057,0
0.9436803896164945,-3.9136600494384766,237.58656978607178,0
13.051988615107975,53.392438888549805,228.22036743164062,0
12.767910988011357,52.393484115600586,229.20278549194336,0
12.801789403495885,54.975128173828125,239.82680797576904,0
11.737662396267986,49.13632392883301,234.76518630981445,0
11.726560611519675,46.684465408325195,223.27102661132812,0
10.442091394171252,42.59568214416504,229.8083209991455,0
10.242379362733349,43.754777908325195,240.821213722229,0
4.667089585837293,-19.618191719055176,240.04345893859863,0
8.361985605562637,34.77017879486084,235.6920862197876,0
9.47952515818904,38.438053131103516,229.12396430969238,0
8.974865547134453,37.50628471374512,236.48536205291748,0
6.5094044094396635,25.99228858947754,227.30283737182617,0
6.616301503530166,27.025752067565918,232.47167587280273,0
4.571919851067042,18.830671310424805,235.23545265197754,0
4.830667787535947,20.13627052307129,237.98272132873535,0
9.177744953201058,-37.62401580810547,231.8501901626587,0
8.116656541052693,-33.60476493835449,234.82495307922363,0
9.71387888886331,-41.26721382141113,239.8844289779663,0
4.637675904399215,-19.00217056274414,233.99042129516602,0
11.86700247080912,-49.77368354797363,235.1042604446411,0
10.333554437370339,-45.052995681762695,245.70603847503662,0
10.058060216020726,-43.2558536529541,242.5807285308838,0
13.368298647599985,-56.58162593841553,235.81247806549072,0
14.495707534359681,-61.28037452697754,234.3369197845459,0
12.241042490814031,-52.420387268066406,239.6952724456787,0
12.571107192801621,-53.647027015686035,238.55109214782715,0
10.05181545743247,-42.5665283203125,238.86797904968262,0
8.518260832142383,-36.15734100341797,240.49977779388428,0
8.81085349458687,-37.088890075683594,238.31520080566406,0
6.1970870449686135,-24.89912509918213,228.85681629180908,0
8.43217264662581,-34.818668365478516,234.01326656341553,0
7.869436155525668,-32.0197868347168,230.92022895812988,0
6.027430293949669,-23.91627311706543,226.08275413513184,0
2.819929896005671,-11.123819351196289,225.741605758667,0
1.3576016582886796,-5.554814338684082,234.36776161193848,0
2.3564276373908233,9.74757194519043,236.80854320526123,0
3.987281865429289,16.051626205444336,230.0967836380005,0
6.9405342078138785,28.36836814880371,232.46315002441406,0
6.704826008215533,26.920833587646484,228.47014904022217,0
7.9825062648082685,32.0831298828125,228.03617477416992,0
1.5801154973676486,-6.609678268432617,239.57908630371094,0
8.602128142253758,35.048789978027344,230.80175399780273,0
9.04288722053716,37.78576850891113,236.41018867492676,0
13.57405325239921,54.80958938598633,224.7637939453125,0
8.280019295145863,34.319047927856445,234.98684406280518,0
9.375192673729766,36.91641807556152,222.571120262146,0
7.907094132766004,30.754308700561523,220.717191696167,0
11.060743215397519,43.49827766418457,221.087064743042,0
10.829192662715073,43.955583572387695,228.37130069732666,0
5.447939198801673,22.82494068145752,238.96146297454834,0
5.998655118892065,25.049376487731934,237.94265270233154,0
3.1277100111695426,-13.345518112182617,244.1088581085205,0
6.308853190667331,25.05931854248047,226.20001316070557,0
4.827376107107772,19.77863311767578,233.91647815704346,0
4.387556660715726,17.964153289794922,233.89962673187256,0
3.5719378179452934,15.212297439575195,243.5386848449707,0
6.496662284186266,-26.705093383789062,234.0003490447998,0
8.249089854936678,-34.095115661621094,234.347505569458,0
7.142680848346367,-29.638700485229492,235.89534759521484,0
9.61582314070375,-41.00940704345703,240.8882761001587,0
9.42862557853616,-39.271297454833984,235.39000511169434,0
9.92572440142165,-40.80906391143799,232.0066738128662,0
0.5742357287083791,2.028622627258301,202.40063667297363,0
10.982656157974802,-40.6754732131958,208.26632022857666,0
17.555550467152848,64.11042213439941,199.1723871231079,0
19.56528469371435,69.09069061279297,190.16597270965576,0
12.174453567670723,40.07540702819824,184.29721355438232,0
16.828235603502346,54.80185508728027,178.35675716400146,0
15.438611192061172,51.54329299926758,184.2123556137085,0
15.636206001187475,52.53500938415527,185.19696235656738,0
3.588512979491832,-12.113666534423828,193.03241729736328,0
2.91809812011916,-9.824275970458984,192.64569282531738,0
4.853458614662435,-15.98780632019043,188.0599880218506,0
27.33520512240097,-96.36960983276367,177.52418518066406,0
10.853660142995476,-39.73837852478027,205.97811698913574,0
25.69013767273986,-89.35694694519043,178.13382625579834,0
24.80778667010235,-90.71454048156738,188.85623931884766,0
23.134968799118145,-84.28804874420166,190.9731101989746,0
7.711133294536924,24.516630172729492,180.5077886581421,0
11.52459206848571,36.29446983337402,176.7540979385376,0
14.19077671887733,43.570308685302734,170.43567180633545,0
15.687184074656782,48.89925956726074,171.77484512329102,0
5.484533549200044,-17.562427520751953,182.6285219192505,0
16.462701210460995,-55.093650817871094,183.65911960601807,0
16.0771342247019,-53.65239143371582,183.52498054504395,0
9.085373409754427,-32.991766929626465,205.42608261108398,0
15.312964552412272,-50.996761322021484,183.87113571166992,0
17.474262368066285,-61.08698844909668,190.75352668762207,0
19.70557440828225,-67.41838932037354,184.06694412231445,0
15.97166023123182,-55.409278869628906,190.89288711547852,0
3.876599026016353,-12.525262832641602,184.69802856445312,0
26.157114479076416,91.6913890838623,178.6937713623047,0
27.280977434648925,93.8654899597168,173.3561611175537,0
26.734284397177692,93.82278442382812,177.8461217880249,0
28.041192956802632,96.46160125732422,171.879301071167,0
27.409179169031766,94.72618103027344,173.8868236541748,0
4.387010384376567,-15.339670181274414,199.75294589996338,0
5.092627268972541,-17.437744140625,195.4108715057373,0
9.599836548794835,-34.13008689880371,200.82283973693848,0
0.07213430850899948,0.242156982421875,192.3434543609619,0
16.303473740769913,59.01999473571777,198.84143829345703,0
16.562048936351417,62.204952239990234,206.00903034210205,0
23.017573086625312,-88.03460121154785,200.67662715911865,0
23.352245469947107,-88.90214920043945,199.18609142303467,0
23.286122644450604,-88.46610069274902,198.8838815689087,0
1.8027910240985803,-6.356964111328125,201.93514823913574,0
0.8387460236165165,-3.0243349075317383,206.57392501831055,0
2.9287613926118423,-10.58436393737793,206.7927360534668,0
2.5027507975194205,-8.782978057861328,200.8778715133667,0
7.279212623541573,-20.15366554260254,157.34710693359375,0
4.448457313582094,-11.892309188842773,152.7096462249756,0
4.482155325180333,-11.940813064575195,152.17267513275146,0
3.7477364632611665,-12.792024612426758,195.14697074890137,0
15.92058361989321,56.688833236694336,195.98040103912354,0
16.48217815104256,59.13163661956787,196.8661594390869,0
16.056396566156184,60.234947204589844,206.33030891418457,0
17.355472803723398,65.22520065307617,205.21222114562988,0
16.84828594811411,64.39777374267578,209.3144130706787,0
11.88635268812189,42.454400062561035,200.19078254699707,0
3.70914128523582,-13.189191818237305,203.30848217010498,0
7.4188821761190065,26.692838668823242,204.41245079040527,0
0.5581785721569407,-1.8673992156982422,191.67524814605713,0
14.134893198098267,46.96652889251709,184.4945240020752,0
13.684737090195378,43.89439582824707,178.45981121063232,0
0.7768940919078825,2.766904830932617,204.03990268707275,0
0.9005131667491508,-3.2930898666381836,209.49926376342773,0
2.447972227464853,-8.083295822143555,189.02004718780518,0
1.0349559915984057,3.4238815307617188,189.51719284057617,0
0.8301386386312773,2.7454519271850586,189.46991443634033,0
0.9348621902643853,3.139510154724121,192.38850116729736,0
2.0853724222992263,-7.098855972290039,194.9124240875244,0
1.9436632162826444,-6.735954284667969,198.44982147216797,0
2.63046289766489,-9.120454788208008,198.4489345550537,0
2.0835651484784408,-6.883554458618164,189.16507244110107,0
11.365863119772985,38.799142837524414,191.70111179351807,0
2.155911549788687,7.645902633666992,203.05458068847656,0
11.650874451793749,40.03849506378174,192.78443813323975,0
12.812707338732476,43.68851661682129,190.41847229003906,0
12.300579253712428,42.832393646240234,194.86019611358643,0
12.463419588354894,43.565120697021484,195.47816276550293,0
14.445075114695289,49.15781497955322,188.6839771270752,0
11.880617285353994,40.22393226623535,189.76884841918945,0
12.170027403658679,41.76809787750244,192.15465545654297,0
19.900542877909533,-72.50863075256348,195.76327800750732,0
16.498878826675245,-61.30107879638672,203.86362075805664,0
17.68677975364441,-64.19952392578125,197.81540393829346,0
0.8057639771073017,2.930178642272949,208.33677291870117,0
16.454147752051902,-58.1842041015625,194.071626663208,0
17.525439756106724,-63.63924503326416,198.08342456817627,0
2.1548385226577436,-7.433128356933594,197.5023078918457,0
3.355773075728087,-11.588048934936523,197.51232147216797,0
1.1837724924481825,-4.014334678649902,194.25636291503906,0
1.7330857229092724,-5.682802200317383,187.78736114501953,0
4.168025695556244,-14.118452072143555,193.5651397705078,0
3.3773727587339524,-10.629043579101562,180.00393390655518,0
13.679143786596661,-46.74267768859863,190.12237071990967,0
12.651216033704888,-42.950239181518555,189.7152042388916,0
2.0700814319567438,7.5373125076293945,208.48176956176758,0
11.612061569570468,-39.088592529296875,188.86685371398926,0
11.833896898180448,-39.9918270111084,189.45210456848145,0
22.1466737476675,-82.07781791687012,195.8397102355957,0
21.207057310965723,-80.40613174438477,201.80744647979736,0
21.211845392804715,-79.17240142822266,198.65899085998535,0
21.81857169624589,-81.01932048797607,196.72729969024658,0
23.06523756874982,83.43931198120117,189.73278522491455,0
21.660690472668414,78.19554328918457,191.4884090423584,0
23.382333853625692,83.88306617736816,187.6507329940796,0
22.74097845525271,80.8558464050293,186.98261260986328,0
0.27524975320976997,0.9466314315795898,197.0478057861328,0
0.36908020159864263,1.1883306503295898,184.47187900543213,0
0.22110420569140757,-0.7290554046630859,188.9221715927124,0
1.2494816312672703,-4.908771514892578,225.04132747650146,0
0.833970062009387,-3.1665515899658203,217.5267791748047,0
0.4407432260709525,-1.3206195831298828,171.6729497909546,0
6.104033334163817,-18.822526931762695,175.67298889160156,0
1.7117234779945334,-6.029119491577148,201.72002792358398,0
1.1487784654982476,-4.074525833129883,203.17773342132568,0
1.0085581339473773,-3.6410045623779297,206.8119478225708,0
1.4266975347972497,-5.1319122314453125,206.03227615356445,0
1.364822163648893,-4.827289581298828,202.59404182434082,0
17.643178598562123,62.74148941040039,193.85082721710205,0
17.85875829889888,65.52358150482178,199.74504947662354,0
18.093531861468282,64.9007797241211,195.00104427337646,0
18.75029792778272,69.43321704864502,200.48609733581543,0
18.465087254943505,67.37712860107422,197.9115629196167,0
22.97625756457697,-90.04237174987793,205.69341659545898,0
23.419010792566873,-93.82957458496094,209.5071029663086,0
22.955870356944725,-93.41551780700684,213.62487316131592,0
22.98429364425328,-92.47684478759766,211.1667251586914,0
23.446155282105515,-93.02763938903809,207.42775440216064,0
1.0145708904222643,-3.811969757080078,215.23930549621582,0
2.1605578471761104,-7.245216369628906,191.9990587234497,0
1.2304524886033712,-4.165816307067871,193.93568515777588,0
0.505654040871401,-1.7559528350830078,198.95968437194824,0
1.3945190375318786,-4.866471290588379,199.88659858703613,0
11.46634230430693,39.18255805969238,191.82922840118408,0
11.376117936998261,40.3587532043457,199.2198085784912,0
12.199141141978217,42.666683197021484,195.7979965209961,0
3.206178266144211,9.608426094055176,171.4376449584961,0
4.877649435007857,14.652032852172852,171.4867115020752,0
3.809227264103518,11.849126815795898,177.83210277557373,0
10.000875143646264,-37.69356727600098,212.63421535491943,0
18.217599874040204,-65.29659271240234,194.70561504364014,0
16.512420443312845,-58.957834243774414,195.89555740356445,0
20.149384316557526,-71.99859619140625,191.65393352508545,0
20.120707334674456,-70.8726692199707,188.96361351013184,0
20.261595652838107,-71.24314308166504,188.44402313232422,0
15.87585981788725,55.368995666503906,192.0018482208252,0
16.031412200500473,56.81550979614258,194.94641304016113,0
16.488813141542547,59.421138763427734,197.74320602416992,0
16.728280704557562,59.69109535217285,195.53918838500977,0
17.573943516425715,62.654075622558594,194.42310333251953,0
1.7920549345584698,-5.930323600769043,189.51220035552979,0
0.5561352464610776,-1.642007827758789,169.15972709655762,0
0.7344084170023886,2.6657485961914062,207.95458316802979,0
1.913383318747439,6.817865371704102,204.0453815460205,0
4.0346077199713415,14.467973709106445,204.95079517364502,0
4.2899257631469645,15.258302688598633,203.21619987487793,0
2.9610329002490166,-10.839719772338867,209.4675350189209,0
1.560514497812325,5.159897804260254,189.38029289245605,0
1.2480187917511392,-4.2177581787109375,193.5887575149536,0
1.7341950016467296,-5.911340713500977,195.21431922912598,0
2.9146857132071204,-9.719228744506836,190.80951690673828,0
3.2262112877029514,-9.910545349121094,175.7267189025879,0
1.6145904633875172,-4.694581031799316,166.52697086334229,0
0.02425809083574525,-0.07874488830566406,185.98946571350098,0
3.57640459521625,-11.805353164672852,188.75882148742676,0
1.578972466026616,5.272645950317383,191.25452041625977,0
5.104565661036213,16.38665199279785,183.1992244720459,0
2.6101109119025625,-8.876981735229492,194.66052532196045,0
2.350306239042106,-7.496151924133301,182.58742332458496,0
1.1902971534225357,4.30333137512207,207.09913730621338,0
1.5478722935864815,-5.528554916381836,204.56936359405518,0
2.2617159059642886,7.892751693725586,199.79029655456543,0
0.9252118048470147,3.0303192138671875,187.6347255706787,0
1.8585900216642162,6.139068603515625,189.1528558731079,0
1.6419542208809303,-5.369682312011719,187.29741096496582,0
1.231190358999324,-4.183435440063477,194.63915348052979,0
0.9565841735388991,-3.1558704376220703,188.99837493896484,0
1.1060156118695745,-3.7299442291259766,193.18917274475098,0
0.054133848522556836,-0.17621994018554688,186.51277542114258,0
1.1617370313972057,-3.9839553833007812,196.4445447921753,0
1.986427151594605,-6.770639419555664,195.17244815826416,0
0.207278682715033,-0.7019615173339844,194.03427600860596,0
0.6093603572717331,1.9298458099365234,181.44561767578125,0
1.8699571905691572,-6.077518463134766,186.11690998077393,0
0.6526765042135448,2.2328758239746094,196.00224494934082,0
0.9840508061717065,-3.184690475463867,185.3993797302246,0
1.1823365795658758,-3.895750045776367,188.74701976776123,0
1.8444507992247239,-5.881185531616211,182.59769439697266,0
3.5163613281545634,-11.081647872924805,180.22459030151367,0
2.7029452399957665,-8.793840408325195,186.20020866394043,0
3.3702225348759733,-10.88313102722168,184.69931602478027,0
2.164278489868163,-7.105960845947266,187.98458576202393,0
2.269358649244012,-7.260408401489258,183.16379070281982,0
1.1811893299979483,-3.8393211364746094,186.19381427764893,0
2.019267985430476,-6.635265350341797,188.15557479858398,0
0.9435943881880007,3.1175708770751953,189.27563667297363,0
0.20803098430565872,-0.6815242767333984,187.7038049697876,0
1.2184868785344105,4.277753829956055,201.10336303710938,0
0.49330278731099114,-1.6771316528320312,194.7870683670044,0
0.7854223178683395,2.5429630279541016,185.48920154571533,0
0.043364904130209325,-0.14379501342773438,189.9887752532959,0
0.4668623762639545,-1.5445327758789062,189.5468044281006,0
1.9940101126135052,7.006559371948242,201.2041425704956,0
0.2679242562676756,0.9074211120605469,194.05048370361328,0
3.5171154747017113,11.131763458251953,181.00067138671875,0
1.557369759985413,5.066585540771484,186.3312864303589,0
0.06717486489844612,0.22481918334960938,191.75597190856934,0
0.48797137102418353,-1.6495800018310547,193.68051052093506,0
1.1813443227479827,-4.011106491088867,194.49927806854248,0
1.8148786917314472,-6.279606819152832,198.14791202545166,0
1.3048523662410172,-4.519176483154297,198.38457584381104,0
0.9453941422085235,3.120288848876953,189.07991409301758,0
2.6047450890079045,-8.553962707519531,187.96435832977295,0
0.05749786621464327,-0.19863605499267578,197.93781280517578,0
0.4865945654328303,1.6226959228515625,191.06311798095703,0
0.04048172368668387,-0.13860225677490234,196.17055892944336,0
0.7547874431153259,-2.6294803619384766,199.58606243133545,0
1.5907942278488285,-5.498147010803223,197.9509162902832,0
1.8188457468528871,-6.180105209350586,194.58246231079102,0
2.302808781113964,7.576150894165039,188.34856510162354,0
0.5430260082518281,-1.8046331405639648,190.40196418762207,0
4.066486113891366,13.350276947021484,187.62773036956787,0
0.6077922612312918,1.9524669647216797,184.04614448547363,0
0.6729307674078049,-2.1935176849365234,186.75121307373047,0
0.0028985225589438423,-0.009698867797851562,191.7198085784912,0
2.306536435389254,-7.94865608215332,197.28943347930908,0
5.2807454306328845,-16.06612205505371,173.57452869415283,0
3.312360392094954,10.720319747924805,185.12532234191895,0
0.7386783609251736,-2.4927425384521484,193.33415508270264,0
0.824855939683091,-2.829599380493164,196.52801513671875,0
0.35130678654627,-1.1957931518554688,195.02217292785645,0
6.206076708968493,-23.39054584503174,214.67581272125244,0
1.4729444278018196,-4.618902206420898,179.61040019989014,0
0.31303963519815753,0.9807109832763672,179.49727535247803,0
2.494103754439498,-8.654031753540039,198.61623287200928,0
0.4343343123482012,-1.359853744506836,179.38173294067383,0
2.3307779462475353,-7.543983459472656,185.29462337493896,0
0.5821913253777712,-1.8663215637207031,183.6626958847046,0
0.910374424576845,-2.973928451538086,187.14501857757568,0
0.6936089709369874,2.2694969177246094,187.45874404907227,0
0.902024166827151,-3.1007862091064453,196.93479537963867,0
1.473128260152245,-5.036020278930664,195.8059787750244,0
1.2425211271832755,-4.169340133666992,192.21356391906738,0
3.0464461419574125,-10.472164154052734,196.67574405670166,0
4.550206055706466,-15.461106300354004,194.06993865966797,0
0.5500401409495724,-1.8723011016845703,195.02214431762695,0
3.530282739383674,11.956815719604492,193.688006401062,0
1.9596969858074331,-6.605749130249023,193.01968574523926,0
9.382334146585881,-33.90592575073242,204.26081657409668,0
10.366294744380905,-37.213850021362305,202.29101657867432,0
5.249565399655844,-18.418378829956055,200.1797389984131,0
2.072924618706795,-7.642707824707031,211.1066722869873,0
2.9514029821349212,-10.41989803314209,202.01361179351807,0
1.4150072095451693,-4.890561103820801,197.9658079147339,0
1.9105553419631907,-6.628541946411133,198.67326736450195,0
5.592843718088666,-19.511842727661133,198.93410682678223,0
0.8296670688879494,-2.9679203033447266,204.93940830230713,0
1.861757215703705,-6.443605422973633,198.19793701171875,0
1.1805772770965501,-4.31424617767334,209.3345546722412,0
1.0368369712342176,-3.937082290649414,217.5281810760498,0
1.051798078488363,-3.9391708374023438,214.5467233657837,0
5.4244792369836725,-20.851478576660156,219.2533779144287,0
7.132064931981687,-27.496309280395508,219.17487144470215,0
4.918479619841652,-17.46100425720215,202.65385150909424,0
6.0039715989838545,-20.40229320526123,193.62675189971924,0
5.788471911081509,-19.765548706054688,194.6434736251831,0
4.398810820728993,-15.134220123291016,196.54576778411865,0
0.5801443916146966,-1.8958663940429688,187.22851753234863,0
2.6139281373604457,-9.047002792358398,198.0985450744629,0
1.7439112593030879,-6.049995422363281,198.67903232574463,0
1.9788681990146388,-6.784772872924805,196.32784366607666,0
3.325534218731379,-11.661100387573242,200.57092666625977,0
6.421251259385681,-22.762975692749023,201.83074951171875,0
3.434373102534233,-11.771621704101562,196.0333013534546,0
0.8835790437829638,3.1725406646728516,205.69928169250488,0
3.0515903834957427,-11.202363967895508,210.03381729125977,0
2.866494677142357,-10.172367095947266,203.0716609954834,0
3.5323760930151584,-12.51255989074707,202.56990909576416,0
0.24530672678874113,0.8251380920410156,192.72401332855225,0
0.2652600989223112,-0.9636878967285156,208.15289497375488,0
5.433550454135778,-19.25368309020996,202.1115016937256,0
5.158279889325206,-18.06529998779297,199.8461151123047,0
5.668048590488677,-21.0720157623291,211.96277618408203,0
5.8919756723948735,-21.36821746826172,206.6909408569336,0
7.933252456215221,-29.324464797973633,209.74807262420654,0
6.064224840787882,-22.292709350585938,209.44207191467285,0
3.7907878736940113,-13.607492446899414,205.21950244903564,0
0.9430729554082284,3.1661415100097656,192.33079433441162,0
0.35528702638163956,-1.2829303741455078,206.88929557800293,0
1.1867935808219372,3.8277435302734375,184.75537776947021,0
2.4176046124669863,-8.715400695800781,206.36581420898438,0
1.9094865708188886,-6.824550628662109,204.66273307800293,0
3.572429406295029,-12.752103805541992,204.12443161010742,0
1.3448911958052785,-4.784603118896484,203.78007888793945,0
6.903395432462206,-24.98025894165039,205.81705570220947,0
5.6223620706114925,-20.578927993774414,208.70145320892334,0
0.12087971121838784,0.4208946228027344,199.49941635131836,0
3.458770782928431,12.508659362792969,206.83253288269043,0
0.5711134937304188,2.0895862579345703,209.62300300598145,0
0.1364115912239891,0.5018997192382812,210.8079957962036,0
